# ************************************************************
# Sequel Pro SQL dump
# Version 5446
#
# https://www.sequelpro.com/
# https://github.com/sequelpro/sequelpro
#
# Host: 127.0.0.1 (MySQL 5.7.10)
# Database: zheye
# Generation Time: 2020-07-28 02:42:06 +0000
# ************************************************************


/*!40101 SET @OLD_CHARACTER_SET_CLIENT=@@CHARACTER_SET_CLIENT */;
/*!40101 SET @OLD_CHARACTER_SET_RESULTS=@@CHARACTER_SET_RESULTS */;
/*!40101 SET @OLD_COLLATION_CONNECTION=@@COLLATION_CONNECTION */;
/*!40101 SET NAMES utf8 */;
SET NAMES utf8mb4;
/*!40014 SET @OLD_FOREIGN_KEY_CHECKS=@@FOREIGN_KEY_CHECKS, FOREIGN_KEY_CHECKS=0 */;
/*!40101 SET @OLD_SQL_MODE=@@SQL_MODE, SQL_MODE='NO_AUTO_VALUE_ON_ZERO' */;
/*!40111 SET @OLD_SQL_NOTES=@@SQL_NOTES, SQL_NOTES=0 */;


# Dump of table answer
# ------------------------------------------------------------

DROP TABLE IF EXISTS `answer`;

CREATE TABLE `answer` (
  `id` int(11) unsigned NOT NULL AUTO_INCREMENT,
  `user_id` int(11) NOT NULL,
  `question_id` int(11) NOT NULL,
  `created_date` date DEFAULT NULL,
  `review_num` int(11) DEFAULT '0',
  `content` text,
  `comment_count` int(11) DEFAULT '0',
  `support_count` int(11) DEFAULT '0',
  `unsupport_count` int(11) DEFAULT '0',
  PRIMARY KEY (`id`)
) ENGINE=InnoDB DEFAULT CHARSET=utf8;

LOCK TABLES `answer` WRITE;
/*!40000 ALTER TABLE `answer` DISABLE KEYS */;

INSERT INTO `answer` (`id`, `user_id`, `question_id`, `created_date`, `review_num`, `content`, `comment_count`, `support_count`, `unsupport_count`)
VALUES
	(1,2,1,'2020-07-09',0,'大家请注意，本回答可能引起您的痛苦、愤怒或导致您的三观发生改变。但这不是答主的错误，因为本问题就是“如何做一名优秀的绿茶”，写回答要切题，否则考不上好大学。如果您不认同绿茶，追求质朴、纯净、从一而终的爱情体验，答主非常支持，并真诚的建议您远离这些帖子。如果各位客官看到了答案，嗤之以鼻，可以退出并拉黑答主。如果实在有一些情绪非说不可，请大家互相尊重，谨记知乎守则“文明的用语是交流的第一步。”本帖拒绝性别攻击、人身攻击、脏话攻击。男绿茶不但有，而且还著书立传，参考段正淳、张无忌，或者高帅一些的楚留香、陆小凤，人物栩栩如生，故事跌宕起伏。大家可以对比学习，提高生存技能。很多男读者口吐芬芳不堪入目，我举个例子：我国年堕胎人数达1500w，其中女大学生成主要人群，这就是各位小哥哥说的爱她、保护她吗？如果您同意上述阅读需知，可以下拉打开新世界大门了～～------------------割------------------以下为原答案：我上学的时候，遇到了一个大姐姐，类似于金敏喜那样，号称无所不撩，出手必然拿下。不过她人到中年，有9个男朋友，各种常见品种一应俱全。有的小姐姐养奶狗，是花钱买狗，她不是，这九条哮天犬全部都会主动叼报纸回家，达到了以狗养狗的最高境界。前天最小的一条刚刚大学毕业，用工作的第一笔钱给她买了一个pad。她热衷于改造我，希望我能恃美行凶，继承她的衣钵，可惜我只喜欢小姐姐，辜负了人家的一片苦心。下面我把要点分享出来，供需要的小姐姐取用。1、外形改变很多小姐姐变美只变脸，其实头部只占人体烧伤面积的9%，只有9%美能叫美人吗？美人的首要要务，就是抛弃唯脸论，塑造全身的美女。声台行表，从费用低成效大的开始入手。先练形体，做到展肩拔背、收腰翘臀，看起来立刻从土狗变成贵宾狗。然后是皮肤、头发，做到肤质细腻、肤色纯净、发质光滑。不强调非要肤白如雪，建议根据自身的五官特点，来调制肤色。当然捂白是最方便的。按照人家的说法就是，看着光亮，摸着顺滑，无毛无疤。强化美人的“五大件”：脸、耳朵、脖子、手脚腕部和手指脚跟，要做到无明显瑕疵，气色良好，手脚腕纤细，手指足跟光滑无死皮。甲油根据当日的高跟鞋、包、耳环和口红选择色号（讲道理真是一门学问）最后才是五官，先求免费的，减肥、按摩，每天对着镜子练表情管理，做到喜怒哀乐真实但美丽。如果还有更高要求，再考虑整容。漂亮的人很多，但是美丽的人很少，美人都是在这种细枝末节中塑造出来的。二、穿搭和风格我看前面有很多大佬写了穿搭，基本就是人家说的那样。按照自己的外形条件，找一个最像自己的女明星，和一个最像自己的男明星，找他们最出圈的美照，琢磨他们的穿搭（万一要走boyfriend风呢）。从颜色、花样、材质、款式，多方面入手，最后形成自己可负担而且出彩的风格，并坚持到底。大美女可以不断变换自己的风格，做到浓妆妖艳，素颜清纯，淡妆楚楚可怜。但是普通小美女不需要变来变去，美，是一种长期信誉。记住你可是绿茶，绿茶的奥义就是淡极始知花更艳，讲究的就是一口留白中的风流。三、认识自己人贵在自知之明。要做绿茶，肯定不是为了给广大人民献爱心，必然是为了以爱之名普照正道之光。无论是图财、图地位，证明在社会价值上，你不如对方，必然要找到一个核心的竞争力，让对方觉得你是稀缺资源。对方才会用自己的财富地位来换取。这个需要全面的了解自己，明白自己能给什么。比如有的人，以身饲虎，割肉喂鹰，唯一能给的就是身子。这个就不太可，尤其是进入共享时代，很多人可以用租赁代替买卖，你就亏了。上面有个小姐姐，给予看病和理疗，这个就很不错，讲道理万贯家财，还是得活着才能吃到鸡，千金易得，专家难约，完全没毛病。高赞abc小姐姐，其实给予的是特色化装逼的快乐。人生之大快者莫过于装逼不被雷劈，其中爽感只有写一本小说才能说尽。像这个大姐姐，给的是爱情的幻觉。这个就……真的很高级……马斯洛（评论区提醒改过来了）四连跳里面，最高的就是爱和个人价值实现。纵观知乎，各个男子都是无情的真英雄，口嗨着“爱情根本就是幻觉，彩礼就是买卖代替租赁”，然后在“什么时候你意识到失去了真爱”下哭的肝肠寸断。按照金庸的小说世界观，每一个男人都幻想自己是个盖世英雄，有一个天赐的红颜知己。这个大姐姐扮演的就是这个角色。根据她的教程，优秀的男人在社会里面搏杀其实是很累的（其实他们的女同事更累，呵呵），任何人都需要一个倾听你，理解你，尊重你，珍惜你的知己（这倒是真的）。社会价值越高的人，其人本的真我价值越被压缩。（比如你的idol，他爱用什么牌的卫生纸，喜欢用什么姿势如厕？可能所有的粉都不知道吧，连这都不知道，还有脸说爱他！？）如果有一个女人，能让他感受到自己的真我而不是idol的一面被爱着，那他就很难不动心。“翠花，你听我说，我不是……”“嘘，不要说，我懂～～（啾咪）”……好的我可以！大姐姐！伤害我吧！四、如何制造恋爱幻觉这个就……其实我也没有掌握……据说是这样：首先是倾听，很多女孩儿能说，但是男的更能说。参考各位领导，只要给他空间，飞起来拉都拉不住。大家一见面，很多小姐姐生怕对方觉得自己内向、冷酷、无情、木讷，一顿输出猛如虎，找了一年仍无主。我参观过她一场现场撩男教学，基本上都是柔情似水的笑笑，一触即退的肢体碰触，话几乎都是接男的的话把。“让他们多说，不让他们说，你怎么能知道人家喜欢什么样的呢？这就像卖衣服一样，你要先让顾客逛、挑，然后你再站出来跟她说这个太贵了，或者不称你，那个你试试更好看。人家不但买了，还觉得你特好特实在。”等对方说的差不多了，基本上知道这个男的她喜不喜欢，对方喜欢什么样的。经过筛选，合适的对象就要因材施教，科学养犬了。原则是：乱的、小气的、鸡贼的、情绪特别不稳定的、没出息的、妈宝的、有不良嗜好的，都不要。只有身价清白，经济条件好，社会地位稳固（成年犬）；长得好看、相信爱情、愿意为女孩儿付出的（幼犬）才能纳入驯养范围。（不得不说，连被坑钱都没有资格的很多男的，有些天使小姐姐还把他们当宝……）然后是跟选中的狗，建立良好的驯化关系：“你看你加上他的微信了吧，那人家今天请你吃喝，又这么远送你，你该说什么～～”，拿起手机“你到家了嘛～～～（语音，她的声音很甜，很舒服，这个也是特意练的）”---注意此处要有三个波浪。有的小姐姐喜欢说我到家了，她的建议是你要关心人家，问人家到家了嘛？你说你到家了，人家只能回个“那好好休息吧，晚安”，这个话就断了。基本上有礼貌的人都会回复到家了，何况又是这样一个肤白腿长胸大的甜姐姐。于是男的立刻回“到了到了，哈哈哈！”“到了就好～～今天辛苦你啦，这么快呀，今天路上不堵吧～～”然后就聊一阵，来来往往的，核心是关心对方但是不要越界。其实这里面你可以问问他家住哪儿，北京这个地方住二环以里的，如果是新房子那基本上还是挺强的。“今天还挺快的呀，谢谢你请我们吃这么好吃的，你爱吃什么呀？下次我们去你那边请你搓一顿！”于是快乐的开始了下一次约会……行吧……下次见面的时候，就要根据对方的年龄、餐厅的情况来打扮，其实有时候根据对方喜欢的餐厅，也可以推断出他的一些意识理念的情况。比如中国人，特爱吃西餐，如果不是确实口味特殊，那就是他觉得西餐更装逼，你要会晃杯子，会吹点外国牛；爱吃中餐的，尤其是喜欢吃那种老馆子，红木家具大吊顶，那种很多都是老派场面人，你可以给布布菜，续点水，他就觉得你很贴心，尤其是年纪稍大点的。在对话中，还是讲究多听，少说。爱情是什么？多巴胺分泌峰，深情是什么？受体上调。在关系早期，你得反复的让对方重复那种愉快的体验，他的多巴胺持续分泌，才能最终受体上调。很多小姐姐联系几次就开始推拉，这个就不太行，人家对你还是可有可无的，你一推，人家顺势就撤退了。起码要到对方向你袒露心迹，开始说自己的隐私之后，才能开始推拉。这里面的话术，很难具体描述，核心就是“让对方觉得你对他很关注，他的话题能得到你的积极回应；经常来一点玩笑，制造一些小暧昧，然后迅速正经，让对方欲罢不能；说话的时候一定要用开放式句式，这样对方才能跟你聊下去；如果主动联系对方，一定要首先斩断对话；不要过早暴露自己的隐私；你对他不见面的时候，要冷淡，见面后要热情，让对方度过特别快乐的时光，他会特别的期待跟你见面，不知不觉开始舔你，但是不要随意的发生关系。”刚刚忘了一个：就是要会听对方的言外之意。据说成年男性，尤其是有点社会地位的，有什么小困难或者小需求，不好意思直接说。往往以无中生友式，道听途说式来展开。这个时候“你要会听他说话。比如他是不是家里人生病了，可能人家也能解决，但是你有个大夫朋友，你请人家帮着看看，这个男的要是懂事，就很承你的情，觉得你又懂事又关心他。”我……“那要是不承情呢？”“哦，这样的你撩他干嘛，用几次买点东西就让他滚。咱们撩小哥哥，是为了享受女人被呵护的快乐，不是为了找一些渣男给自己添堵的，懂吗？”行吧……反正大家真的应该学习绿茶的爱情观，千万不要做卑微的可怜虫，被渣男虐的死去活来哭到啼血。这里插一句，很多人一生只爱一类人，对于大部分人来说，一招能治住，每次都有效。比如有人喜欢爱撒娇的，有人喜欢会装逼的，有人喜欢能运动的，有人喜欢性格糙的。你找到有用的，就反复用，越用越纯熟。五、如何要东西等到对方开始舔你了，你就可以开始要东西了，金钱、房产、股票，但要在他的底线之内，要不然就鸡飞蛋打了。这个要东西的话术，基本上就是……怎么说呢比如你想买个2w的包，你先带他去逛5～10w的东西。然后你一转，去给他买了个东西，然后吃饭。吃饭的地方离你喜欢的包越近越好，然后你可以主动要求付账，对方一看，这不行啊……感觉有点不得劲，大男子主义受到了挑战。然后下午，你们果然，又逛了一个包，诶呀你背着也好看，而且跟上面所有的包比，“才”2w，你一定要说“诶呀不买了，给你买了个东西就特别好看了”，然后发个朋友圈“帅不？”他咋好意思不买啊……买！有的甚至会给你办个10w的卡之类的。反正这个大姐姐，服装店是a付房租，b给她报销平时的生活费，c一个月再给她2w，d带她去旅游吃各种好吃的，e喜欢电子产品，各种给她买电子产品……这个姐姐现在已经46岁了，也没翻车。嫁了个有房本地男，是我jun某所的科研工作者，老公带孩子干家务，她啥活儿不用干，老公还特别害怕她离开自己。以上就是基本上的教学大纲，但是我不得不说，人家是真的，就很让人欲罢不能。就是那种跟男性相处拿捏的尺度，怎么说话，什么时候说，特别的妙。同一句话，她说出来就特别中听，男的又愧疚又心疼，可能很多女生说出来马上就要吵架。很多女孩儿就是败在这一关，不能以退为进处理冲突。同样是身体接触，有的人就处成了哥们儿，有的人失身了，人家就……男的回去就一副舔样，还求而不得。哦，还有一个原则忘了，就是“千万不要让他们见面，但是可以让他们感觉到还有条件很好的在同时追你～～”又想起来一个，就是“鸡毛蒜皮的事情，不要跟人家发生争执。没有必要，如果你任何事情都发脾气，那你的脾气就不值钱，渐渐的大家都不会把你的脾气当回事。只有在触及自己核心利益的时候，要寸步不让。”“你也不要大喊大叫的跟他吵，你就笑眯眯的说，不行哦，不允许！”夸人也是一样，“逢人就夸”，那你夸人家人家也就觉得一般般，像听到你好一样。越少夸人，你的表扬越贵重。我觉得核心就是，管住自己的情绪，善用情绪的力量。反正我是……知 男，而退！-----------------------------割----------------------------------在评论区回复的时候，想起来我老婆的教诲，其实我的老婆也是一个王者，她有一个技巧，叫“叫出你的名字”。她说遇到一个需要搞好关系的陌生人，她会在第二次见面前，对着照片，仔细的背过此人的名字，等下次见面的时候，甜笑着叫出对方的名字“风光呀～～”……Emmmmmm，当时我觉得她应该是对我很有好感，才会一下子记住我的名字，原来都是套路    。增加一个小姐姐的示范：很多人相亲，觉得对方客观条件还可以，但是主观难以推进，对方经常发“干嘛呢？吃饭了吗？”她的回复建议：如果觉得对方还可以，你有意发展，可以回“你猜猜呀～～，猜出来我请你吃饭！”此处可以发个可爱表情，如果漂亮可以自己录个表情（唉……太难了）对方可能回一些什么“刚刚忙完吗？开会吗？”什么的。然后你就回“就知道你猜不出来”，然后，第二行再发，这个地方一定要断开，要制造情绪起伏。“我刚刚准备发个短信找你，你就找我啦～～！”……行吧……唉……可以，我觉得我表妹也是高手，她特别擅长那种恋爱段子，什么发个数学题，然后男方想半天回一个答案，她说，不对！然后说一句情话。这种对理工科学霸还挺有效的，我看她那个博士被她撩的不要不要的～～（我就不行了，我是一条放纵不羁的野狗，像我老婆那种方法，我说“哇塞！你可真闲！”……然后就被打一顿……）PS：烧伤面积这个地方，评论区是对的，我学艺不精对不起烧伤科的老师。全部分法如下：烧伤面积目前比较通用的是以烧伤皮肤面积占全身体表面积的百分数来计算，即中国九分法。成年人头部占身体表面积的9%，躯干正面占身体表面积的18%，躯干背面占身体表面积的18%，一条腿占身体表面积的18%，一条手臂占身体表面积的9%，生殖器及会阴部占1%。幼童及儿童头部占身体表面积的15%，躯干正面占身体表面积的20%，躯干背面占身体表面积的15%，一条腿占身体表面积的15%，一条手臂占身体表面积的10%。修改答案主要是为了改这个地方……-----------------------------割--------------------------------有朋友们想加小姐姐，这个不太方便，而且不知道咋跟人家说“亲爱的，听说您特别绿茶，想跟您学PUA～～啾咪”这个就……瞬间鬼畜起来。大家有志于此的话，她建议好好研究一下甄嬛。她认为甄嬛这个人物，编剧是用了心思的，跟不同男性之间的对话语气、神态、用词、停顿，都很讲究。我在评论里面回复了一个东风女神级别的高手，估计大家要问，我直接更新在这里。这个女生的外形条件是非常白和瘦弱的，不过面容就不太好看。家境比较贫寒学习也普通，最后考取了二本，客观条件是这样。她的具体套路……我也不好说，就是真的很暖心，很想接近她。我用她接近我的例子，更新到下面。高二我们混合寝室，在搬家之前，我就知道自己要跟大名鼎鼎的x小姐姐住一起了，当时我是警惕中带着不屑和反感……（后来真香！）我进寝室的时候，她在给我们擦床板。看到我们进来了，她非常温柔的说“啊，你们来了呀，吃饭了吗？我这边带了两个炒饭～～”然后一边安排我们坐在她床上吃炒饭，一边接过我们的东西。在她的帮助下安顿好，她亲切的说“xx（给我起了个小名）……（行吧，老杨幂了）时间不早了，你先喝我的热水吧，晚上我们一起打水～～（笑）”唉……好温柔，嘤嘤嘤……后来我们一起去学校门口的小店儿遛弯，遇到一个她的男朋友，我那时候长得巨丑，男方毫不犹豫的露出嫌弃的表情，说“诶，走我带你溜旱冰去啊！”一般女生可能就“亲爱的那我们走了哦～～”或者“我们一起去哦～～”，她：“诶呀，我们今天约好了逛街哦”，然后自然的一个胳膊挎着男的，一个胳膊挎着我，用非常可爱的语气说“咱们一起吧！”后来走到小卖部，那男的给她买了个水，结果她自己默默的走到下一个小卖部，给我和那个男的，一人买了一瓶水。买的是我只说过一次，我喜欢喝的那种……天很热，我的心很暖……高中大家情绪压力比较大，我有一次跟她遛弯（是的，我很快就被她驯服了），突然触动了我，我就哭了。她……默默的把我抱住，轻轻的拍着我，说“xx（她的专属小名），哭吧，我在你身边～～”嘤嘤嘤嘤……-----------------------割------------------------我看大家都很惊讶世界上真的有这样的人吗？有的，世界上就是有一类人，可以在长达数年的时间里面维持无懈可击的情绪稳定，而且对症下药，持续的输出情绪价值来达到目的，然后毫不留情的获取自己的利益。其实大家不需要把这个事情想的很神话，她们的成功，核心的要点是她们不但了解自己，也充分的花了时间和精力去真的了解了自己的目标对象，毕竟成年人的世界本质上就是互利共赢。我自己的感觉，那种年纪轻轻就通过自己的努力，获得了巨额金钱的人，无论他们表面看起来多么铁憨憨，本质上都是精明的一比。一旦觉得你图谋不轨，很快就会退出直播间。女生如果真的想钻研此道，也要尽力去搞清楚你的目标人群是什么样的。哪些互动信号是他们会判断为正向信号，哪些是弄巧成拙的。很多小姐姐问如何聊天之类的，我觉得答案就来自这个前提，因为你的目标人群很精明、理智，你不能装作很喜欢他们，很关心他们，你要让他们相信你真的很喜欢很关心他们，很喜欢他们。因为搞绿茶本质上就是以弱胜强，以小博大。社会是赢家通吃，对于那种应有尽有的人，你的爱其实一文不值。说句虾仁猪心的话，你觉得你的idol会在意你自杀吗？他们只在意你会不会把遗书发网上搞得他们公关危机而已。搞绿茶，不是主动出击去打猎，到处去追汉子。而是吸引对方上钩，对方觉得自己爱上了你，主动选择你。就像茜茜公主说的“奥地利皇帝的求婚是不能拒绝的～～”大家仔细品一品这个差别……',0,0,0),
	(2,1,2,'2020-07-09',0,'1.保安：站住！这位同学，你干嘛的！同学：本校学生！保安：哪个系的？同学：工程物理系！保安：简要描述不确定性原理！同学：呃……？？？保安：一看就不是我们学校的，这都答不上来！是游客吧？去网上预约再来！。同学：哦…2.保安：站住！这位同学，你干嘛的！同学：本校学生！保安：哪个系的？同学：工程物理系！保安：简要描述量子纠缠现象！同学：海森堡…保安：一看就不是我们学校的！同学：？？？保安：题目换了都没发现，太弱了，回去好好学习吧。同学：哦…3.保安：站住！这位同学，你干嘛的！同学：本校学生！保安：哪个系的？同学：工程物理系！保安：简要描述量子纠缠现象！同学：当几个粒子在彼此相互作用后，由于各个粒子所拥有的特性已综合成为整体性质，无法单独描述各个粒子的性质，只能描述整体系统的性质，则称这现象为量子纠缠。保安：一看就不是我们学校的。同学：？？？保安：我们学校学生哪有认真答题的。同学：哦…4.保安：站住！这位同学，你干嘛的！同学：本校学生！保安：一看就不是我们学校的！同学：？？？保安：之前你都来三次了，我记着你呢！同学：哦…5.保安：站住！这位女同学，你干嘛的！同学：本校学生！保安：哪个系的？同学：工程物理系！保安：一看就不是我们学校的。同学：？？？保安：工程物理系就没你这么能打扮的女生！同学：？？？保安：进去吧！同学：？？？保安：咱清华的小哥哥可帅了进去好好感受一下。同学：哦…',0,0,0),
	(3,1,4,'2020-07-09',0,'抱歉 ，泼个冷水，我在抗疫一线基层工作，我负责处突。自己挂点村的老百姓都信任我，看得起我。我送了很多疑似和确诊的密切接触者，给很多步行回的人安排出路，我没有防护服，也没有N95，连续六十天没回家，袜子穿破两双，鞋垫穿破一双。外省的密切接触者，不愿隔离，村书记不认识人，大家都不愿去，我党内职务最高，单枪匹马劝的。我大年三十吃的泡面，我抓了很多想在边界跨省通行的人，我预警了边界卡口缺陷，我通宵熬了5个。',0,0,0),
	(4,1,11,'2020-07-09',0,'①其他国家：你们五常不能这么欺负人！你们要讲规矩！\n\n五常：？？我们不就是规矩吗？\n\n②美国：今日乳髮。\n\n中国：今日乳髮。\n\n英国：今日乳髮。\n\n俄罗斯：今日乳髮',0,0,0),
	(5,1,11,'2020-07-09',0,'<p>哦大哥大哥大哥大哥你好吗？？？？</p>',0,0,0),
	(6,1,11,'2020-07-09',0,'<p>简介根据客户广告</p>',0,0,0),
	(7,1,12,'2020-07-10',0,'<p>你好，你做的很好</p>',0,0,0),
	(8,1,13,'2020-07-18',0,'<p>8787687687687687水淀粉和看得见繁华的时刻就发货都是克服地方</p>',0,0,0),
	(9,1,16,'2020-07-18',0,'<p>你开心就好</p>',0,0,0),
	(10,1,15,'2020-07-18',0,'<p>哈哈哈哈哈哈</p>',0,0,0),
	(11,1,23,'2020-07-18',0,'<p>大家好，我是张三，欢迎大家</p>',0,0,0),
	(12,1,25,'2020-07-18',0,'<p>sdfdf</p>',0,0,0);

/*!40000 ALTER TABLE `answer` ENABLE KEYS */;
UNLOCK TABLES;


# Dump of table chat_record
# ------------------------------------------------------------

DROP TABLE IF EXISTS `chat_record`;

CREATE TABLE `chat_record` (
  `id` int(11) unsigned NOT NULL AUTO_INCREMENT,
  `from_user_id` int(11) NOT NULL,
  `to_user_id` int(11) NOT NULL,
  `content` varchar(588) NOT NULL DEFAULT '',
  `time` int(11) NOT NULL,
  PRIMARY KEY (`id`),
  KEY `from_user_id` (`from_user_id`,`to_user_id`)
) ENGINE=InnoDB DEFAULT CHARSET=utf8;

LOCK TABLES `chat_record` WRITE;
/*!40000 ALTER TABLE `chat_record` DISABLE KEYS */;

INSERT INTO `chat_record` (`id`, `from_user_id`, `to_user_id`, `content`, `time`)
VALUES
	(44,1,2,'asdfd',1595416032),
	(45,2,1,'干哈呀干哈呀干哈呀干哈呀干哈呀干哈呀干哈呀干哈呀干哈呀干哈呀',1595416032),
	(46,1,1,'qwe',1595416032),
	(47,1,2,'你好兄弟，',1595416032),
	(48,2,1,'你也好啊',1595416032),
	(49,1,2,'干啥呢，',1595416032),
	(50,2,1,'干哈呀干哈呀干哈呀干哈呀干哈呀干哈呀干哈呀干哈呀干哈呀干哈呀',1595416032),
	(51,1,5,'sdfdf',1595416032),
	(52,1,5,'干哈呀干哈呀干哈呀干哈呀干哈呀干哈呀干哈呀干哈呀干哈呀干哈呀',1595416032),
	(53,1,2,'nihao,你好，大哥你好，大哥你好，大哥你好，大哥你好，大哥你好，大哥你好，大哥你好，大哥',1595416032),
	(54,1,2,'你好',1595416032),
	(55,1,3,'师傅',1595416032),
	(56,1,3,'sdfsd',1595416032),
	(57,1,2,'weqwe',1595416032),
	(58,1,2,'wwerrre',1595416032),
	(59,1,2,'12是啥',1595416032),
	(60,1,2,'恶趣味我',1595416032),
	(61,1,2,'阿斯顿',1595416032),
	(62,1,2,'qwe',1595416032),
	(63,1,2,'123123123',1595416032),
	(64,2,1,'qweqweqweqweqw',1595416032),
	(65,2,1,'nihhkkhs',1595416032),
	(66,1,2,'niijiksjkdjk\n',1595577976),
	(67,2,1,'nihhkkhs',1595416032),
	(68,2,1,'nihhkkhs',1595416032),
	(69,2,1,'nihhkkhs',1595416032),
	(70,2,1,'nihhkkhs',1595416032),
	(71,2,1,'nihhkkhs',1595416032),
	(72,2,1,'nihhkkhs',1595416032),
	(73,2,1,'nihhkkhs',1595416032),
	(74,2,1,'nihhkkhs',1595416032),
	(75,2,1,'nihhkkhs',1595416032),
	(76,2,1,'nihhkkhs',1595416032),
	(77,2,1,'nihhkkhs',1595416032),
	(78,2,1,'nihhkkhs',1595416032),
	(79,2,1,'nihhkkhs',1595416032),
	(80,2,1,'nihhkkhs',1595416032),
	(81,2,1,'nihhkkhs',1595416032),
	(82,2,1,'nihhkkhs',1595416032),
	(83,2,1,'nihhkkhs',1595416032),
	(84,2,1,'nihhkkhs',1595416032),
	(85,2,1,'nihhkkhs',1595416032),
	(86,2,1,'nihhkkhs',1595416032),
	(87,2,1,'nihhkkhs',1595416032),
	(88,2,1,'nihhkkhs',1595416032),
	(89,2,1,'nihhkkhs',1595416032),
	(90,2,1,'nihhkkhs',1595416032),
	(91,2,1,'nihhkkhs',1595416032),
	(92,2,1,'nihhkkhs',1595416032),
	(93,2,1,'nihhkkhs',1595416032),
	(94,2,1,'nihhkkhs',1595416032),
	(95,2,1,'nihhkkhs',1595416032),
	(96,2,1,'nihhkkhs',1595416032),
	(97,2,1,'nihhkkhs',1595416032),
	(98,2,1,'nihhkkhs',1595416032),
	(99,2,1,'nihhkkhs',1595416032),
	(100,2,1,'nihhkkhs',1595416032),
	(101,2,1,'nihhkkhs',1595416032),
	(102,2,1,'nihhkkhs',1595416032),
	(103,2,1,'nihhkkhs',1595416032),
	(104,2,1,'nihhkkhs',1595416032),
	(105,2,1,'nihhkkhs',1595416032),
	(106,2,1,'nihhkkhs',1595416032),
	(107,2,1,'nihhkkhs',1595416032),
	(108,2,1,'nihhkkhs',1595416032),
	(109,2,1,'nihhkkhs',1595416032),
	(110,2,1,'nihhkkhs',1595416032),
	(111,2,1,'nihhkkhs',1595416032),
	(112,2,1,'nihhkkhs',1595416032),
	(113,2,1,'nihhkkhs',1595416032),
	(114,1,2,'问问',1595416032),
	(115,1,2,'早上好，吃饭了没有',1595416032),
	(116,1,2,'nihao,',1595416032),
	(117,1,2,'nihao,sdfdfd',1595416032),
	(118,1,2,'nihao,sdfdfd',1595416032),
	(119,1,2,'assd',1595416032),
	(120,1,2,'asd',1595416032),
	(121,1,2,'niao',1595416032),
	(122,1,2,'niao2',1595416032),
	(123,1,2,'niao2',1595416032),
	(129,2,1,'123\n',1595600268),
	(130,2,1,'456\n',1595600423),
	(131,2,1,'789\n',1595600435);

/*!40000 ALTER TABLE `chat_record` ENABLE KEYS */;
UNLOCK TABLES;


# Dump of table comment
# ------------------------------------------------------------

DROP TABLE IF EXISTS `comment`;

CREATE TABLE `comment` (
  `id` int(11) NOT NULL AUTO_INCREMENT,
  `content` text NOT NULL,
  `user_id` int(11) NOT NULL,
  `entity_id` int(11) NOT NULL,
  `type` int(11) NOT NULL COMMENT '1是answer的评论，2时给评论的评论',
  `created_date` datetime NOT NULL,
  `status` int(11) DEFAULT '0',
  `responded` int(11) DEFAULT NULL,
  PRIMARY KEY (`id`),
  KEY `entity_index` (`entity_id`,`type`)
) ENGINE=InnoDB DEFAULT CHARSET=utf8;

LOCK TABLES `comment` WRITE;
/*!40000 ALTER TABLE `comment` DISABLE KEYS */;

INSERT INTO `comment` (`id`, `content`, `user_id`, `entity_id`, `type`, `created_date`, `status`, `responded`)
VALUES
	(1,'你好，兄弟',1,7,1,'2020-07-15 00:00:00',1,NULL),
	(2,'你好',2,1,2,'2020-07-15 00:00:00',1,1),
	(3,'你也好',3,1,2,'2020-07-05 00:00:00',1,2),
	(4,'干啥',1,1,2,'2020-07-16 04:39:24',0,3),
	(5,'666',1,4,2,'2020-07-16 04:44:14',0,1),
	(6,'不知道',1,4,2,'2020-07-16 04:49:25',0,1),
	(7,'666',1,1,2,'2020-07-16 04:54:45',0,1),
	(8,'嘿嘿',1,7,1,'2020-07-18 05:50:45',0,0),
	(9,'哈哈哈',1,7,1,'2020-07-18 10:11:59',0,0),
	(10,'哈哈哦哦哦哦哦',1,9,2,'2020-07-18 10:12:10',0,1);

/*!40000 ALTER TABLE `comment` ENABLE KEYS */;
UNLOCK TABLES;


# Dump of table question
# ------------------------------------------------------------

DROP TABLE IF EXISTS `question`;

CREATE TABLE `question` (
  `id` int(11) NOT NULL AUTO_INCREMENT,
  `title` varchar(255) NOT NULL,
  `content` text,
  `user_id` int(11) NOT NULL,
  `created_date` datetime NOT NULL,
  `comment_count` int(11) NOT NULL,
  `support_count` int(11) DEFAULT '0',
  `unsupport_count` int(11) DEFAULT '0',
  `look_num` int(11) DEFAULT '0',
  PRIMARY KEY (`id`),
  KEY `date_index` (`created_date`)
) ENGINE=InnoDB DEFAULT CHARSET=utf8;

LOCK TABLES `question` WRITE;
/*!40000 ALTER TABLE `question` DISABLE KEYS */;

INSERT INTO `question` (`id`, `title`, `content`, `user_id`, `created_date`, `comment_count`, `support_count`, `unsupport_count`, `look_num`)
VALUES
	(1,'如何做一名优秀的高端绿茶?',NULL,1,'2020-07-09 00:00:00',0,0,0,0),
	(2,'清华保安是如何快速分辨是否是本校学生？','RT，西门的保安，那是火眼金睛啊，隔壁的同学都被拦了好多次',2,'2020-07-09 00:00:00',0,0,0,0),
	(3,'一个女生该有哪些优秀习惯？','我自己作为女生，认为在当前很多时候，女生被各种要求捆绑着，似乎社会对于女生更为苛刻，她们不仅需要管理好自己的身材、生活、事业，还要管理好家庭。似乎她们不仅需要担负着自己的成功，还要担负着丈夫的成功、孩子的成功，任何一方的失败，似乎都会对女生本身是否“好”造成负面评价。\n\n所以我希望来到这里的妹子，一方面在这里能够汲取到掌控生活的秘诀和小tips，更重要的是希望大家可以有特别积极的心态去面对诸多种种，无论是对自己的不满意还是别人的非议。\n\n请记住，无论胖瘦、美丑、单身或者拥有爱人，无论内向外向、背着多少钱的包包，你都无可替代，并且拥有改变自己将来的力量。',3,'2020-07-09 00:00:00',0,0,0,0),
	(4,'中国未来会不会超越美国，成为世界第一强国？','中国人民有没有这个愿望和信心？只要中国人民齐心，我觉得一定可以。',1,'2020-07-09 00:00:00',0,0,0,0),
	(5,'发现某个丑的女孩突然变漂亮了是什么体验？','或者说发现丑女孩开始打扮后忽然变成美女了是什么感受',2,'2020-07-09 00:00:00',0,0,0,0),
	(6,'电梯下坠后落地前一秒跳起来能保命吗？',NULL,2,'2020-07-09 00:00:00',0,0,0,0),
	(7,'最让你感到不适的动画或漫画是什么','镜像问题：\n\n最让你感到治愈的动画或漫画是什么？',3,'2020-07-09 00:00:00',0,0,0,0),
	(8,'“大氧化事件”发生先于古元古代“雪球地球”',NULL,2,'2020-07-09 00:00:00',0,0,0,0),
	(9,'穿短裙时要不要安全裤？',NULL,1,'2020-07-09 00:00:00',0,0,0,0),
	(10,'有没有偏法式少女风的小裙子推荐？',NULL,2,'2020-07-09 00:00:00',0,0,0,0),
	(11,'联合国五常为什么被叫做五大流氓?',NULL,3,'2020-07-09 00:00:00',0,0,0,0),
	(12,'客家话客家话客家话客家话客家话','结核杆菌很干净很干净很干净很干净很高很干净很高很干净很干净后',1,'2020-07-09 05:56:11',0,0,0,0),
	(25,'1234567','是短发短发短发短发',1,'2020-07-18 11:34:33',0,0,0,0);

/*!40000 ALTER TABLE `question` ENABLE KEYS */;
UNLOCK TABLES;


# Dump of table user
# ------------------------------------------------------------

DROP TABLE IF EXISTS `user`;

CREATE TABLE `user` (
  `id` int(11) unsigned NOT NULL AUTO_INCREMENT,
  `name` varchar(64) NOT NULL DEFAULT '',
  `password` varchar(128) NOT NULL DEFAULT '',
  `salt` varchar(32) NOT NULL DEFAULT '',
  `head_url` varchar(256) NOT NULL DEFAULT '',
  PRIMARY KEY (`id`),
  UNIQUE KEY `name` (`name`)
) ENGINE=InnoDB DEFAULT CHARSET=utf8;

LOCK TABLES `user` WRITE;
/*!40000 ALTER TABLE `user` DISABLE KEYS */;

INSERT INTO `user` (`id`, `name`, `password`, `salt`, `head_url`)
VALUES
	(1,'zhangSan','fd1d02d91cb8e8642488a01038d14929','a4d94','http://n.sinaimg.cn/ent/4_img/upload/eca303e9/107/w1024h683/20200724/d377-iwtqvyk9300789.jpg'),
	(2,'zhangsan3','352d77160690a5cb059de76d957565cc','517f0','https://imgsa.baidu.com/forum/w%3D580%3B/sign=de5a89b5a4773912c4268569c8228718/63d0f703918fa0ec20a3ab052b9759ee3d6ddb56.jpg'),
	(3,'123@evostar.vip','9e35160d3eb39dcdc243639f941d3e9b','78ab1','http://tiebapic.baidu.com/forum/w%3D580%3B/sign=d1a63ebde5d3572c66e29cd4ba286227/eaf81a4c510fd9f90c5d3c3d322dd42a2834a418.jpg'),
	(4,'zhaosi','34866e37ce75226bbc1a1c1f5e5f96ac','a0dc0','https://imgsa.baidu.com/forum/w%3D580%3B/sign=96008d2a6e2762d0803ea4b790d709fa/6159252dd42a28340b77040256b5c9ea14cebfe1.jpg'),
	(5,'zhaosi1','d9e60ff2e999707f3043b05fb1389765','88eb0','http://tiebapic.baidu.com/forum/w%3D580%3B/sign=0205355ade3d70cf4cfaaa05c8e7d000/e7cd7b899e510fb3721f10f4ce33c895d1430c4a.jpg'),
	(6,'zhaosi2','3b5de995f98b13a134dedd56d59069aa','ea9ac','http://tiebapic.baidu.com/forum/w%3D580%3B/sign=40655baf2edbb6fd255be52e391faa18/8326cffc1e178a82a8be90f4e103738da877e8e0.jpg'),
	(7,'zhaosi3','f30b3d50256494529779d553ee1db10b','33f11','http://tiebapic.baidu.com/forum/w%3D580%3B/sign=f7f6a99495025aafd3327ec3cbd6aa64/a08b87d6277f9e2f21edf25c0830e924b999f38e.jpg'),
	(8,'zhaosi4','d48cfd3aacc059d9fd05497e9c5ba83e','d0eb1','http://tiebapic.baidu.com/forum/w%3D580%3B/sign=c53cd7b3862397ddd679980c69b9b3b7/fcfaaf51f3deb48f2c504f8ae71f3a292df578ad.jpg'),
	(9,'123','e23e5019d065f2ab4e624941242382b0','8a884','http://tiebapic.baidu.com/forum/w%3D580%3B/sign=4ae7216d7c63f6241c5d390bb77fe9f8/96dda144ad3459820a4f4fc61bf431adcaef8499.jpg'),
	(10,'michael','a6215249689e9d5d6452b89f899b677c','de631','http://tiebapic.baidu.com/forum/w%3D580%3B/sign=64bac40dcac451daf6f60ce386c65366/eac4b74543a98226b09377749d82b9014a90eb17.jpg');

/*!40000 ALTER TABLE `user` ENABLE KEYS */;
UNLOCK TABLES;



/*!40111 SET SQL_NOTES=@OLD_SQL_NOTES */;
/*!40101 SET SQL_MODE=@OLD_SQL_MODE */;
/*!40014 SET FOREIGN_KEY_CHECKS=@OLD_FOREIGN_KEY_CHECKS */;
/*!40101 SET CHARACTER_SET_CLIENT=@OLD_CHARACTER_SET_CLIENT */;
/*!40101 SET CHARACTER_SET_RESULTS=@OLD_CHARACTER_SET_RESULTS */;
/*!40101 SET COLLATION_CONNECTION=@OLD_COLLATION_CONNECTION */;
